"id";"s_name";"s_isbn"
"139409";"Атлантида. История исчезнувшей цивилизации";"978-5-227-02069-7"
"139513";"Секрет Высоцкого";"978-5-4438-0386-9, 5-699-00332-0"
"141087";"Сулейман Великолепный. Величайший султан Османской империи. 1520-1566";"978-5-227-02200-4"
"141923";"Египтяне. Великие строители пирамид";"978-5-227-02268-4"
"143348";"Арийцы. Основатели европейской цивилизации";"978-5-9524-4939-8"
"155954";"Путешествие в революцию. Россия в огне Гражданской войны. 1917-1918";"5-9524-2458-9"
"160231";"Комитет 300";"978-5-9265-0702-4"
"415592";"Дороги смертников";"978-5-9922-0645-6"
"430722";"Право быть";"978-5-9922-0469-8"
"439795";"Властелин";"978-5-9922-0718-7"
"440645";"Временная ведьма";"978-5-9922-0707-1"
"441475";"Белое Пламя";"978-5-9922-0537-4"
"441495";"Ловушка для темного эльфа";"978-5-9922-0547-3"
"441575";"Прогулка в бездну";"978-5-9922-0656-2"
"441665";"Магфиг";"978-5-9922-0646-3"
"566285";"Воровка";"978-5-9922-0395-0"
"566455";"Радиус поражения";"978-5-9922-0698-2"
"570525";"Ледяная Цитадель";"978-5-9922-0780-4"
"576245";"Дети Судного Часа";"978-5-9922-0637-1"
"589445";"Учебник Хозяина жизни. 160 уроков Валерия Синельникова";"978-5-227-02086-4"
"589465";"Формула Жизни. Как обрести Личную Силу";"978-5-227-02437-4"
"589485";"Таинственная сила слова. Формула любви. Как слова воздействуют на нашу жизнь";"978-5-227-02627-9"
"590055";"Монгольская империя Чингизидов. Чингисхан и его преемники";"978-5-227-02115-1"
"596155";"Ааргх на троне";"978-5-9922-0764-4"
"596405";"Путешествие в Алмазные горы";"978-5-9922-0429-2"
"596845";"Начало пути";"978-5-9922-0505-3"
"596855";"Возвращение в Алмазные горы";"978-5-9922-0740-8"
"596875";"Сам дурак! или Приключения дракоши";"978-5-9922-0742-2"
"597095";"Реквием по империи";"978-5-9922-0723-1"
"597155";"Своя дорога";"978-5-9922-0756-9"
"600935";"Сафари для победителей";"978-5-9922-0832-0"
"601105";"Самозванка";"978-5-9922-0643-2"
"601435";"Огненная бездна";"978-5-9922-0827-6"
"601445";"Мечты, ставшие явью";"978-5-9922-0757-6"
"601685";"Миротворец";"978-5-9922-0826-9"
"601825";"Правдивый ложью";"978-5-9922-0870-2"
"606575";"Даки. Древний народ Карпат и Дуная";"978-5-9524-3456-1"
"606645";"Царство мертвых: обряды и культы древних египтян";"978-5-9524-4627-4"
"607265";"Красная земля, Черная земля. Древний Египет: легенды и факты";"5-9524-0198-8"
"607335";"Ротшильды. История династии могущественных финансистов";"978-5-9524-4582-6"
"607785";"Хетты. Разрушители Вавилона";"978-5-9524-4489-8"
"607795";"Великие Моголы. Потомки Чингисхана и Тамерлана";"978-5-9524-4842-1"
"607865";"Норманны. Покорители Северной Атлантики";"978-5-9524-4637-3"
"607875";"Древние скандинавы. Сыны северных богов";"978-5-9524-3414-1"
"607955";"Шумеры. Первая цивилизация на Земле";"978-5-9524-4805-6"
"607985";"Татары. История возникновения великого народа";"978-5-227-02181-6"
"608055";"Сарматы. Древний народ юга России";"978-5-9524-4944-2"
"608535";"Трагедия абвера. Немецкая военная разведка во Второй мировой войне. 1935-1945";"978-5-9524-4702-8"
"609265";"Заговор против Гитлера. Деятельность Сопротивления в Германии. 1939-1944";"978-5-9524-3882-8"
"610885";"Сталинград. Великая битва глазами военного корреспондента. 1942-1943";"5-9524-1292-0"
"610955";"Украинский национализм. Факты и исследования";"978-5-9524-3894-1"
"614255";"От нашествия варваров до эпохи Возрождения. Жизнь и труд в средневековой Европе";"978-5-227-02157-1"
"614325";"Осада и оборона крепостей. Двадцать два столетия осадного вооружения";"978-5-9524-4239-9"
"614335";"Оружие и правила дуэлей";"978-5-9524-3809-5"
"614545";"Красная атака, белое сопротивление. 1917-1918";"978-5-9524-2748-8"
"617025";"Ордена и медали Третьего рейха";"978-5-9524-2968-0"
"618575";"Сексуальная символика. Легенды и тайны";"978-5-227-02144-1"
"631935";"А обещали сказку…";"978-5-9922-0788-0"
"632147";"Академия теней";"978-5-9922-0649-4"
"632315";"Брачные игры чародеев";"978-5-9922-0540-4"
"632385";"Седьмая пятница";"978-5-9922-0650-0"
"634185";"Лицензия";"978-5-9922-0770-5"
"634355";"Леди и рыжая сеньорита";"978-5-9922-0837-5"
"643895";"Крепость живых";"978-5-9922-0738-5"
"644165";"Лагерь живых";"978-5-9922-0763-7"
"644525";"Витой Посох. Пробуждение";"978-5-9922-0806-1"
"644775";"Последняя жизнь нечисти";"978-5-9922-0856-6"
"644785";"Лайнер вампиров";"978-5-9922-0866-5"
"644805";"Девятый";"978-5-9922-0881-8"
"645065";"Пятно";"978-5-9922-0928-0"
"645325";"Таинственная сила подсознания. В лабиринтах мозга";"978-5-227-02429-9"
"645905";"Зодчие Санкт-Петербурга XVIII – XX веков";"978-5-227-02220-2"
"646255";"Вторжение";"978-5-9922-0673-9"
"646685";"Рыцарь из преисподней";"978-5-9922-0898-6"
"646705";"Агломерат";"978-5-9922-0858-0"
"647745";"Доля отцовская";"978-5-9922-0893-1"
"647815";"Возвращение";"978-5-9922-0902-0"
"648115";"Прими свою тень";"978-5-9922-0925-9"
"648125";"Поднимите мне веки";"978-5-9922-0930-3"
"648155";"Поход клюнутого";"978-5-9922-0883-2"
"648205";"Весь мир на блюдечке сметаны";"978-5-9922-0892-4"
"648395";"Поставить мир на кон";"978-5-9922-0909-9"
"2442515";"Пятый постулат";"978-5-9922-0967-9"
"2442875";"Демон по вызову";"978-5-9922-0938-9"
"2594895";"Абатта";"978-5-9922-0976-1"
"2594905";"Витой Посох. Постижение";"978-5-9922-0956-3"
"2594925";"Выбор наследника";"978-5-9922-0969-3"
"2594945";"Леди-жрица";"978-5-9922-0973-0"
"2826195";"Гости незваные";"978-5-9922-0966-2"
"2826235";"Дорога в ночь";"978-5-9922-1022-4"
"2826285";"Ветлужцы";"978-5-9922-1002-6"
"2827525";"Выбор решает все";"978-5-9922-0971-6"
"2827575";"Горные дороги бога";"978-5-9922-1038-5"
"2828885";"Загадка крещения Руси";"978-5-9265-0409-2"
"2848805";"Путинские качели. Постскриптум: Десять лет в окружении";"978-5-699-34075-0"
"2849595";"Мертвое солнце";"978-5-9922-1006-4"
"2849615";"Огненный путь Саламандры";"978-5-9922-1037-8"
"2902397";"КГБ. Председатели органов госбезопасности. Рассекреченные судьбы";"978-5-227-03135-8"
"2968105";"Верните вора!";"978-5-9922-1060-6"
"2976085";"Театральная улица: Воспоминания";"978-5-227-02259-2"
"2976285";"52 способа написать бестселлер. Как стать известным писателем";"978-5-9524-4321-1"
"3119865";"Воспоминания немецкого генерала. Танковые войска Германии во Второй мировой войне. 1939–1945";"978-5-9524-4990-9"
"3120035";"Гатчинский коршун";"978-5-9922-0654-8"
"3120085";"Крылатый";"978-5-9922-0658-6"
"3120095";"Младший бог";"978-5-9922-0688-3"
"3133465";"Опасная приманка";"978-5-9922-1040-8"
"3133525";"Академия для Королевы";"978-5-9922-1045-3"
"3134195";"Опасное притяжение";"978-5-9922-1059-0"
"3134315";"Век железа и пара";"978-5-9922-1047-7"
"3134365";"Молот";"978-5-9922-1061-3"
"3139045";"Дневник кота мага";"978-5-9922-1084-2"
"3139165";"Бремя удачи";"978-5-9922-1088-0"
"3139195";"Витязь на распутье";"978-5-9922-1099-6"
"3139725";"Поколение победителей";"978-5-9922-1108-5"
"3139735";"Беглец";"978-5-9922-1117-7"
"3489505";"Антивирус Логинова";"978-5-9922-1135-1"
"3489525";"Лилис";"978-5-9922-1130-6"
"3523155";"Последствия выбора";"978-5-9922-1170-2"
"3523525";"Против всех! Смерти вопреки";"978-5-9922-1203-7"
"3523625";"Артуа. Ученик ученика";"978-5-9922-1193-1"
"3523705";"Оружейникъ";"978-5-9922-1172-6"
"3524285";"Вождь Диких земель";"978-5-9922-1185-6"
"3524375";"Свой дракон";"978-5-9922-1205-1"
"3524435";"Рождение победителя";"978-5-9922-1199-3"
"3524585";"Богиня, шпион и тайны техномира";"978-5-9922-1216-7"
"3524635";"Поход скорпионов";"978-5-9922-1138-2"
"3524715";"Свет. Испытание Добром?";"978-5-9922-1190-0"
"3524775";"Лекарь";"978-5-9922-1283-9"
"3944665";"Безупречный враг";"978-5-9922-1202-0"
"3945155";"Алмаз. Апокриф от московских";"978-5-9922-1212-9"
"3945355";"Витой Посох. Хроники Севера";"978-5-9922-1217-4"
"3945595";"Маг";"978-5-9922-1249-5"
"3945645";"Приключения Василисы, или Как Царевна-лягушка за счастьем ходила";"978-5-9922-1233-4"
"3945755";"Ксенотанское зерно";"978-5-9922-1227-3"
"3946185";"Божественные маскарады";"978-5-9922-1247-1"
"3946205";"Божественная дипломатия";"978-5-9922-1266-2"
"3946545";"Дом на берегу океана";"978-5-9922-1257-0"
"4238145";"Буря приключений";"978-5-9922-1008-8"
"4885354";"Петербургские доходные дома. Очерки из истории быта";"978-5-227-03741-1"
"4938310";"История Петербурга в городском анекдоте";"978-5-227-03927-9"
"4953442";"Все арестованы!";"978-5-9922-1230-3"
"4954887";"Берег Скардара";"978-5-9922-1275-4"
"4955115";"Воин огня";"978-5-9922-1315-7"
"4957669";"Проснуться драконом";"978-5-9922-1304-1"
"4958151";"В кольце страха";"978-5-9922-1298-3"
"4958265";"Профессиональный побег";"978-5-9922-1320-1"
"4958586";"Манагер";"978-5-9922-1317-1"
"4958628";"Блуждающие тени";"978-5-9922-1336-2"
"4958833";"Пушкинский круг. Легенды и мифы";"978-5-227-03945-3"
"4961386";"Разбег в неизвестность";"978-5-9922-1323-2"
"4962615";"Дети Империи";"978-5-9922-1338-6"
"5007926";"Лед. Чистильщик";"978-5-9922-1405-5"
"5011703";"Москва дворянских гнезд. Красота и слава великого города, пережившего лихолетья";"978-5-4438-0158-2"
"5314575";"Война химеры";"978-5-9922-1324-9"
"5316231";"Монах";"978-5-9922-1364-5"
"5316234";"Рождение Темного";"978-5-9922-1346-1"
"5316267";"Военачальник";"978-5-9922-1350-8"
"5316373";"Дракон вам в помощь!";"978-5-9922-1351-5"
"5317186";"Макс по прозвищу Лис";"978-5-9922-1373-7"
"5317308";"Призрачные дороги";"978-5-9922-1403-1"
"5317893";"Дворец для любимой";"978-5-9922-1383-6"
"5317895";"Ожившие легенды";"978-5-9922-1408-6"
"5317943";"Волшебство on-line";"978-5-9922-1454-3"
"5326973";"Рус. Точка отсчета";"978-5-9922-1424-6"
"5581001";"Принцип невмешательства";"978-5-9922-1416-1"
"5597499";"Возвращение Легенды";"978-5-9922-1421-5"
"5825073";"Невский проспект. Дом за домом";"978-5-227-04273-6"
"5826036";"Монах. Путь к цели";"978-5-9922-1489-5"
"5826132";"Разное счастье нам выпадает";"978-5-9922-1479-6"
"5827401";"«Тигры» в грязи. Воспоминания немецкого танкиста. 1941–1944";"978-5-9524-5057-8"
"5827890";"Больше, чем футбол. Правдивая история: взгляд изнутри на спорт №1";"978-5-227-04369-6"
"5828225";"Рождение магии. Хранитель мира";"978-5-9922-1429-1"
"5828492";"Курьер";"978-5-9922-1474-1"
"5894945";"Приносящий счастье";"978-5-9922-1496-3"
"5957289";"Витой Посох. Время пришло";"978-5-9922-1457-4"
"5957292";"Вампиры здесь тихие";"978-5-9922-1449-9"
"5957336";"Рыскач. Артефакты истинных магов";"978-5-9922-1468-0"
"5960952";"Москва: мистика времени";"978-5-227-04280-4"
"6035939";"Алета";"978-5-9922-1509-0"
"6035950";"Выйти замуж за Феникса";"978-5-9922-1514-4"
"6056452";"Дети Силаны. Паук из Башни";"978-5-9922-1535-9"
"6056467";"Божественная охота";"978-5-9922-1519-9"
"6056604";"Ветлужская Правда";"978-5-9922-1539-7"
"6056851";"Великий государственник. Сталин в воспоминаниях современников и документах эпохи";"978-5-4438-0387-6"
"6057415";"Маг. Новая реальность";"978-5-9922-1545-8"
"6057423";"Геймер. Реал vs вирт";"978-5-9922-1544-1"
"6088977";"Игрушки для императоров: лестница в небо";"978-5-227-04478-5"
"6111068";"Николай Крючков. Русский характер";"978-5-699-42210-4"
"6111074";"Россия и бесы. Когда не стало Родины моей…";"978-5-699-50906-5"
"6111103";"Август 91-го. А был ли заговор?";"978-5-699-42090-2"
"6113224";"Цена измены";"978-5-699-44170-9"
"6279150";"Исторические районы Петербурга от А до Я";"978-5-227-04596-6"
"6299247";"Месть Ледовой Гончей";"978-5-9922-1589-2"
"6299253";"Витой посох. Преодоление";"978-5-9922-1584-7"
"6299265";"Дивизионный комиссар";"978-5-9922-1552-6"
"6299715";"Дом на перекрестке";"978-5-9922-1563-2"
"6299745";"Битвы за корону. Прекрасная полячка";"978-5-9922-1560-1"
"6299822";"Последний инженер";"978-5-9922-1568-7"
"6300163";"Адмирал южных морей";"978-5-9922-1573-1"
"6317422";"Дариус Дорван. Наемник";"978-5-9922-1586-1"
"6317432";"Грешница";"978-5-9922-1587-8"
"6317440";"Пятый магистр";"978-5-9922-1578-6"
"6317489";"Попробуй меня уберечь!";"978-5-9922-1599-1"
"6324337";"Промышленникъ";"978-5-9922-1591-5"
"6324740";"О вкусах не спорят, о вкусах кричат";"978-5-9922-1607-3"
"6324793";"Леди и война. Пепел моего сердца";"978-5-9922-1585-4"
"6325562";"Рыскач. Путь истинных магов";"978-5-9922-1595-3"
"6325864";"Свитки Норгстона. Путешествие за Грань";"978-5-9922-1594-6"
"6342463";"Рус. Склонный к Силе";"978-5-9922-1602-8"
"6371226";"Дело ГКЧП";"978-5-6993-8882-0"
"6373195";"Своей земли не отдадим!";"978-5-6993-9824-9"
"6373201";"Лебединая песня ГКЧП";"978-5-6994-1142-9"
"6373348";"Афганский фронт СССР";"978-5-9265-0704-8"
"6373357";"Армия Победы";"978-5-9265-0774-1"
"6375337";"Дети Арктиды. Северные истоки Руси";"978-5-6993-8394-8"
"6376299";"Тайна Катыни, или Злобный выстрел в Россию";"978-5-9265-0743-7"
"6449695";"Северные окраины Петербурга. Лесной, Гражданка, Ручьи, Удельная…";"978-5-227-04796-0"
"6603777";"Меняя маски";"978-5-9922-1630-1"
"6603780";"Леди и война. Цветы из пепла";"978-5-9922-1606-6"
"6603828";"Дом на перекрестке. Резиденция феи";"978-5-9922-1620-2"
"6603852";"Разные судьбы нас выбирают";"978-5-9922-1634-9"
"6604229";"Ланселот, мой рыцарь";"978-5-9922-1635-6"
"6604244";"Монах. Боль победы";"978-5-9922-1629-5"
"6605787";"Дураков здесь нет! Или приключения дракоши";"978-5-9922-1645-5"
"6605801";"Битва полчищ";"978-5-9922-1646-2"
"6606071";"Архивы оборотней";"978-5-9922-1647-9"
"6606192";"Дровосек. Волшебный мир «Табеллы»";"978-5-9922-1656-1"
"6608028";"Монах. Предназначение";"978-5-9922-1522-9"
"6609685";"Божественное безумие";"978-5-9922-1677-6"
"6609733";"Северные волки";"978-5-9922-1654-7"
"6609746";"Дом на перекрестке. Под небом четырех миров";"978-5-9922-1667-7"
"6609810";"Принц Тор";"978-5-9922-1665-3"
"6713727";"Ржавый меч царя Гороха";"978-5-9922-1710-0"
"6717775";"Бухта надежды. Задача – выжить";"978-5-9922-1712-4"
"6720352";"Грешница. Связанные паутиной";"978-5-9922-1716-2"
"6720842";"Прогрессоры нового мира";"978-5-9922-1726-1"
"6722358";"Джип, ноутбук, прошлое";"978-5-9922-1723-0"
"7064422";"Безумный аттракцион";"978-5-9922-1703-2"
"7064712";"Пособие для настоящих волшебников";"978-5-9922-1785-8"
"7065012";"Свитки Норгстона. Искушение магией";"978-5-9922-1724-7"
"7065056";"Береника";"978-5-9922-1757-5"
"7065906";"Безобидное хобби";"978-5-9922-1754-4"
"7065951";"Принц Темный, принц Светлый…";"978-5-9922-1744-5"
"7068397";"Дважды невезучие";"978-5-9922-1771-1"
"7884187";"Алая Тень";"978-5-9922-1845-9"
"7987702";"Рус. Защитник и освободитель";"978-5-9922-1777-3"
"8049372";"Вестфолд";"978-5-9922-1980-7"
"8077711";"Работа для рыжих";"978-5-9922-1783-4"
"8170217";"Разная доля нас ожидает";"978-5-9922-1804-6"
"8171027";"Последыш Древних";"978-5-9922-1800-8"
"8226268";"Самый странный нуб";"978-5-9922-1776-6"
"8226313";"Рыскач. Школа истинных магов";"978-5-9922-1772-8"
"8226461";"Проект «Крейсер»";"978-5-9922-1789-6"
"8226466";"Все двадцать семь часов!";"978-5-9922-1780-3"
"8254348";"Чудное мгновенье. Дневник музы Пушкина";"978-5-4438-0805-5"
"8588767";"Механическое сердце. Искры гаснущих жил";"978-5-9922-1811-4"
"8588772";"Бухта Надежды. Первый шторм";"978-5-9922-1813-8"
"8588874";"Одна на две жизни";"978-5-9922-1819-0"
"8605552";"Обжигающий север";"978-5-9922-1863-3"
"8637984";"Восьмой зверь";"978-5-9922-1919-7"
"8741771";"Монах. Шанти";"978-5-9922-1891-6"
"8742676";"Дверь ВНИТУДА";"978-5-9922-1902-9"
"9370754";"Анастасия. Дело для нежной барышни";"978-5-9922-1950-0"
"9370891";"Раб Запертых Земель";"978-5-9922-1928-9"
"9463466";"Магнатъ";"978-5-9922-1940-1"
"9464276";"Северная невеста";"978-5-9922-1911-1"
"9466916";"Маски. Иллюзия превращений";"978-5-9922-1954-8"
"9489506";"Наследники Скорби";"978-5-9922-1957-9"
"9520485";"Голос моей души";"978-5-9922-1913-5"
"9520999";"Бывших ведьмаков не бывает!";"978-5-9922-1920-3"
"9523470";"Египетский манускрипт";"978-5-9922-1937-1"
"9523493";"Купленная невеста, или Ледяной принц";"978-5-9922-1943-2"
"9523618";"Лорд. Небесные дороги";"978-5-9922-1944-9"
"9523660";"Работа для героев";"978-5-9922-1960-9"
"9524549";"Оранжевый цвет радуги";"978-5-9922-1984-5"
"9524797";"Гаврюша и Красивые";"978-5-9922-1958-6"
"9525485";"Весь мир у ног";"978-5-9922-1972-2"
